kabupaten_kota,nama_wilayah_bersih,tahun,actual,prediction_lr
Kab. Aceh Barat,kab. aceh barat,2024,54.82,50.77863241389858
Kab. Aceh Barat,kab. aceh barat,2025,53.53,51.073677395881305
Kab. Aceh Barat Daya,kab. aceh barat daya,2024,55.15,51.23385436229918
Kab. Aceh Barat Daya,kab. aceh barat daya,2025,66.77,51.356153774426716
Kab. Aceh Besar,kab. aceh besar,2024,51.82,50.59069853247292
Kab. Aceh Besar,kab. aceh besar,2025,55.36,51.096839968205884
Kab. Aceh Jaya,kab. aceh jaya,2024,53.86,49.5492597536168
Kab. Aceh Jaya,kab. aceh jaya,2025,60.33,49.48542883952321
Kab. Aceh Selatan,kab. aceh selatan,2024,46.44,51.178567140815225
Kab. Aceh Selatan,kab. aceh selatan,2025,55.34,51.49165073142892
Kab. Aceh Singkil,kab. aceh singkil,2024,37.9,48.74990294580932
Kab. Aceh Singkil,kab. aceh singkil,2025,38.23,49.12351363997067
Kab. Aceh Tamiang,kab. aceh tamiang,2024,47.48,51.523970181966575
Kab. Aceh Tamiang,kab. aceh tamiang,2025,49.99,52.25238890676003
Kab. Aceh Tengah,kab. aceh tengah,2024,54.83,54.39249507907532
Kab. Aceh Tengah,kab. aceh tengah,2025,60.87,54.75181929604511
Kab. Aceh Tenggara,kab. aceh tenggara,2024,62.25,54.34803976425727
Kab. Aceh Tenggara,kab. aceh tenggara,2025,63.08,54.89863957121049
Kab. Aceh Timur,kab. aceh timur,2024,51.55,50.13544467750962
Kab. Aceh Timur,kab. aceh timur,2025,51.05,51.14476365608273
Kab. Aceh Utara,kab. aceh utara,2024,56.09,54.68029008834353
Kab. Aceh Utara,kab. aceh utara,2025,58.4,55.439780049380126
Kab. Agam,kab. agam,2024,48.39,48.134752333785556
Kab. Agam,kab. agam,2025,47.82,48.32701722018905
Kab. Alor,kab. alor,2024,30.45,38.0851366853342
Kab. Alor,kab. alor,2025,35.52,38.13718210957468
Kab. Asahan,kab. asahan,2024,59.56,45.900945429672156
Kab. Asahan,kab. asahan,2025,59.37,46.65431886580133
Badung,kab. badung,2024,69.3,60.97045072795913
Badung,kab. badung,2025,68.28,61.064938892205184
Kab. Balangan,kab. balangan,2024,36.24,38.943386742222515
Kab. Balangan,kab. balangan,2025,38.35,40.20503381619582
Kab. Bandung,kab. bandung,2024,64.33,55.80827554667824
Kab. Bandung,kab. bandung,2025,63.26,55.58124526824709
Kab. Bandung Barat,kab. bandung barat,2024,53.98,54.43346463090601
Kab. Bandung Barat,kab. bandung barat,2025,58.12,54.51871234455477
Kab. Banggai,kab. banggai,2024,41.12,43.42448063958453
Kab. Banggai,kab. banggai,2025,45.38,43.896433923557915
Kab. Banggai Kepulauan,kab. banggai kepulauan,2024,30.37,41.000981003389086
Kab. Banggai Kepulauan,kab. banggai kepulauan,2025,35.75,41.29284431929413
Kab. Banggai Laut,kab. banggai laut,2024,41.76,40.966304187237
Kab. Banggai Laut,kab. banggai laut,2025,45.66,41.272882707290364
Kab. Bangka,kab. bangka,2024,26.56,27.482316509101196
Kab. Bangka,kab. bangka,2025,26.69,28.193370153734953
Kab. Bangka Barat,kab. bangka barat,2024,21.66,27.424520146848668
Kab. Bangka Barat,kab. bangka barat,2025,28.0,28.093218637411553
Kab. Bangka Selatan,kab. bangka selatan,2024,49.49,28.28718775659889
Kab. Bangka Selatan,kab. bangka selatan,2025,48.49,28.547913775426633
Kab. Bangka Tengah,kab. bangka tengah,2024,40.14,27.561371666425003
Kab. Bangka Tengah,kab. bangka tengah,2025,42.29,28.218102460423594
Kab. Bangkalan,kab. bangkalan,2024,47.82,53.76054160077878
Kab. Bangkalan,kab. bangkalan,2025,47.71,54.64921501805757
Bangli,kab. bangli,2024,52.09,58.68851026543721
Bangli,kab. bangli,2025,49.57,59.07467027633701
Kab. Banjar,kab. banjar,2024,37.79,39.31498073756106
Kab. Banjar,kab. banjar,2025,38.2,40.62106718032494
Kab. Banjarnegara,kab. banjarnegara,2024,56.9,53.41704269766943
Kab. Banjarnegara,kab. banjarnegara,2025,54.53,53.81151930675052
Kab. Bantaeng,kab. bantaeng,2024,45.66,47.06135819931475
Kab. Bantaeng,kab. bantaeng,2025,54.47,47.24983221070616
Kab. Bantul,kab. bantul,2024,53.88,51.05838176855973
Kab. Bantul,kab. bantul,2025,54.18,51.54030751878503
Kab. Banyuasin,kab. banyuasin,2024,51.18,53.358948156694666
Kab. Banyuasin,kab. banyuasin,2025,51.14,54.00463131089727
Kab. Banyumas,kab. banyumas,2024,52.8,54.939375565022985
Kab. Banyumas,kab. banyumas,2025,53.74,55.71356770929074
Kab. Banyuwangi,kab. banyuwangi,2024,58.84,58.306299637532376
Kab. Banyuwangi,kab. banyuwangi,2025,59.97,59.2645523244545
Kab. Barito Kuala,kab. barito kuala,2024,37.36,40.642750377805726
Kab. Barito Kuala,kab. barito kuala,2025,35.49,43.393751552697964
Kab. Barito Selatan,kab. barito selatan,2024,35.49,27.578507078071784
Kab. Barito Selatan,kab. barito selatan,2025,31.27,28.014102707354315
Kab. Barito Timur,kab. barito timur,2024,34.9,28.52729413405963
Kab. Barito Timur,kab. barito timur,2025,38.17,28.882284202795045
Kab. Barito Utara,kab. barito utara,2024,23.79,28.19901788264392
Kab. Barito Utara,kab. barito utara,2025,25.69,28.524961730253857
Kab. Barru,kab. barru,2024,53.98,46.21796284692365
Kab. Barru,kab. barru,2025,59.13,46.49383236286734
Kab. Batang,kab. batang,2024,54.79,52.08259998694035
Kab. Batang,kab. batang,2025,51.33,52.54408174822446
Kab. Batang Hari,kab. batanghari,2024,37.85,41.75155213585742
Kab. Batang Hari,kab. batanghari,2025,41.19,42.196910238189915
Kab. Batubara,kab. batubara,2024,58.2,47.18298579527804
Kab. Batubara,kab. batubara,2025,58.26,48.067835613934406
Kab. Bekasi,kab. bekasi,2024,49.46,54.63613463408065
Kab. Bekasi,kab. bekasi,2025,51.28,55.501772442498634
Kab. Belitung,kab. belitung,2024,22.08,26.9167500852925
Kab. Belitung,kab. belitung,2025,23.23,27.528947358616715
Kab. Belitung Timur,kab. belitung timur,2024,25.91,27.64348837855396
Kab. Belitung Timur,kab. belitung timur,2025,29.1,28.036106503027312
Kab. Belu,kab. belu,2024,31.44,39.498672711126716
Kab. Belu,kab. belu,2025,44.88,40.08909839244243
Kab. Bener Meriah,kab. bener meriah,2024,48.93,54.24106764374433
Kab. Bener Meriah,kab. bener meriah,2025,51.81,54.6274821365301
Kab. Bengkalis,kab. bengkalis,2024,38.67,36.74024367310227
Kab. Bengkalis,kab. bengkalis,2025,40.09,37.377137069773255
Kab. Bengkayang,kab. bengkayang,2024,30.57,29.610625719965395
Kab. Bengkayang,kab. bengkayang,2025,28.32,30.5960887798954
Bengkulu Selatan,kab. bengkulu selatan,2024,45.0,47.307505660502414
Kab. Bengkulu Tengah,kab. bengkulu tengah,2024,36.0,47.14227275905062
Kab. Bengkulu Utara,kab. bengkulu utara,2024,44.0,46.67291839660901
Kab. Berau,kab. berau,2024,29.42,34.03820894960284
Kab. Berau,kab. berau,2025,38.24,34.25030347956839
Kab. Bima,kab. bima,2024,48.5,50.97048634522367
Kab. Bima,kab. bima,2025,48.12,51.36739450058144
Kab. Bintan,kab. bintan,2024,26.8,31.80578608919142
Kab. Bintan,kab. bintan,2025,30.44,33.46536880320224
Kab. Bireuen,kab. bireuen,2024,60.71,52.7065372071589
Kab. Bireuen,kab. bireuen,2025,57.91,53.64949411856723
Kab. Blitar,kab. blitar,2024,55.59,55.36302840875116
Kab. Blitar,kab. blitar,2025,64.65,56.47396222787047
Kab. Blora,kab. blora,2024,50.02,55.150738917872516
Kab. Blora,kab. blora,2025,50.57,57.06981389170847
Kab. Boalemo,kab. boalemo,2024,55.47,47.41454125169624
Kab. Boalemo,kab. boalemo,2025,56.33,48.3095925796727
Kab. Bogor,kab. bogor,2024,59.73,52.71716791953621
Kab. Bogor,kab. bogor,2025,58.15,53.35646303943786
Kab. Bojonegoro,kab. bojonegoro,2024,54.15,59.26822122177191
Kab. Bojonegoro,kab. bojonegoro,2025,54.72,61.91435113395113
Kab. Bolaang Mongondow,kab. bolaang mongondow,2024,47.38,43.03736918664098
Kab. Bolaang Mongondow,kab. bolaang mongondow,2025,45.27,43.63352378013917
Kab. Bolaang Mongondow Selatan,kab. bolaang mongondow selatan,2024,42.03,42.19368184548456
Kab. Bolaang Mongondow Selatan,kab. bolaang mongondow selatan,2025,40.91,43.07808526327365
Kab. Bolaang Mongondow Timur,kab. bolaang mongondow timur,2024,41.76,41.136022823844954
Kab. Bolaang Mongondow Timur,kab. bolaang mongondow timur,2025,41.54,41.82282512744672
Kab. Bolaang Mongondow Utara,kab. bolaang mongondow utara,2024,42.03,39.63910299959426
Kab. Bolaang Mongondow Utara,kab. bolaang mongondow utara,2025,39.09,40.863835731121334
Kab. Bombana,kab. bombana,2024,48.21,35.68224057708345
Kab. Bombana,kab. bombana,2025,47.7,36.60390194179189
Kab. Bondowoso,kab. bondowoso,2024,51.27,57.11298480866961
Kab. Bondowoso,kab. bondowoso,2025,49.69,57.94456235838406
Kab. Bone,kab. bone,2024,47.79,53.00302953783553
Kab. Bone,kab. bone,2025,48.66,53.46715838763053
Kab. Bone Bolango,kab. bone bolango,2024,54.39,48.08232894003578
Kab. Bone Bolango,kab. bone bolango,2025,61.23,49.244192217924976
Kab. Boyolali,kab. boyolali,2024,55.7,54.778945540862786
Kab. Boyolali,kab. boyolali,2025,55.12,55.06708849723533
Kab. Brebes,kab. brebes,2024,55.01,56.456792701446275
Kab. Brebes,kab. brebes,2025,51.71,57.73446693774984
Buleleng,kab. buleleng,2024,55.04,59.043955357765185
Buleleng,kab. buleleng,2025,53.93,59.51171369772114
Kab. Bulukumba,kab. bulukumba,2024,50.56,48.90300862835995
Kab. Bulukumba,kab. bulukumba,2025,52.23,48.94747145077838
Kab. Bulungan,kab. bulungan,2024,35.91,29.93636515361039
Kab. Bulungan,kab. bulungan,2025,36.35,30.244182130856423
Kab. Bungo,kab. bungo,2024,43.98,41.878986226584885
Kab. Bungo,kab. bungo,2025,44.22,42.38490234644361
Kab. Buol,kab. buol,2024,41.07,44.5968752063023
Kab. Buol,kab. buol,2025,36.23,45.70653773261217
Kab. Buru,kab. buru,2024,38.49,35.03288843873735
Kab. Buru,kab. buru,2025,40.55,35.995905754283065
Kab. Buton,kab. buton,2024,36.05,34.31468572444063
Kab. Buton,kab. buton,2025,40.36,34.58135940165075
Kab. Buton Selatan,kab. buton selatan,2024,33.69,34.56712873424813
Kab. Buton Selatan,kab. buton selatan,2025,26.45,34.80656172834463
Kab. Buton Tengah,kab. buton tengah,2024,29.48,35.73631540783087
Kab. Buton Tengah,kab. buton tengah,2025,38.01,36.17977965770727
Kab. Buton Utara,kab. buton utara,2024,32.14,35.78584839996746
Kab. Buton Utara,kab. buton utara,2025,33.55,36.21936454930797
Kab. Ciamis,kab. ciamis,2024,53.32,54.91695399615128
Kab. Ciamis,kab. ciamis,2025,56.58,55.167495309472756
Kab. Cianjur,kab. cianjur,2024,59.91,57.29417666574674
Kab. Cianjur,kab. cianjur,2025,58.24,58.80027819307727
Kab. Cilacap,kab. cilacap,2024,61.23,58.50939027919419
Kab. Cilacap,kab. cilacap,2025,60.26,59.77372890261276
Kab. Cirebon,kab. cirebon,2024,60.45,54.81607088059203
Kab. Cirebon,kab. cirebon,2025,60.56,55.98045225491464
Kab. Dairi,kab. dairi,2024,54.2,49.12923110814429
Kab. Dairi,kab. dairi,2025,52.5,49.85621094871853
Kab. Deli Serdang,kab. deli serdang,2024,62.44,49.08889473773063
Kab. Deli Serdang,kab. deli serdang,2025,59.66,49.70907625138891
Kab. Demak,kab. demak,2024,59.36,55.89186866496725
Kab. Demak,kab. demak,2025,58.34,57.14696021364414
Kab. Dharmasraya,kab. dharmasraya,2024,45.36,46.5767786405378
Kab. Dharmasraya,kab. dharmasraya,2025,49.39,46.96253071562951
Kab. Dompu,kab. dompu,2024,46.78,49.81581817661236
Kab. Dompu,kab. dompu,2025,50.66,50.66727197335309
Kab. Donggala,kab. donggala,2024,48.49,41.06814117663417
Kab. Donggala,kab. donggala,2025,49.12,41.69440553447902
Kab. Empat Lawang,kab. empat lawang,2024,49.12,47.78291155251861
Kab. Empat Lawang,kab. empat lawang,2025,48.79,47.81653033381836
Kab. Ende,kab. ende,2024,44.29,39.03566739239098
Kab. Ende,kab. ende,2025,43.23,39.156776151869764
Kab. Enrekang,kab. enrekang,2024,45.59,49.566837775196134
Kab. Enrekang,kab. enrekang,2025,49.65,49.41192603599693
Kab. Flores Timur,kab. flores timur,2024,20.36,37.88086977238126
Kab. Flores Timur,kab. flores timur,2025,22.88,38.48326597068121
Kab. Garut,kab. garut,2024,63.51,55.696647754697004
Kab. Garut,kab. garut,2025,59.09,57.109065686312825
Kab. Gayo Lues,kab. gayo lues,2024,51.46,54.3752207452527
Kab. Gayo Lues,kab. gayo lues,2025,49.2,54.85172450863719
Gianyar,kab. gianyar,2024,61.06,59.55737269725473
Gianyar,kab. gianyar,2025,61.71,59.76481199756348
Kab. Gorontalo,kab. gorontalo,2024,51.75,48.19851495486202
Kab. Gorontalo,kab. gorontalo,2025,54.92,49.22715006703254
Kab. Gorontalo Utara,kab. gorontalo utara,2024,41.92,47.59380244480025
Kab. Gorontalo Utara,kab. gorontalo utara,2025,45.67,48.546821567907664
Kab. Gowa,kab. gowa,2024,48.57,48.783851308388094
Kab. Gowa,kab. gowa,2025,47.64,49.243586885510794
Kab. Gresik,kab. gresik,2024,60.85,54.578341777980775
Kab. Gresik,kab. gresik,2025,60.58,55.500684908613955
Kab. Grobogan,kab. grobogan,2024,61.75,56.94951042983129
Kab. Grobogan,kab. grobogan,2025,59.37,57.89174261857585
Kab. Gunung Mas,kab. gunung mas,2024,27.65,27.82549966457536
Kab. Gunung Mas,kab. gunung mas,2025,20.51,28.27717948367291
Kab. Gunung Kidul,kab. gunungkidul,2024,37.61,51.95834484298901
Kab. Gunung Kidul,kab. gunungkidul,2025,47.32,52.66622138002604
Kab. Halmahera Barat,kab. halmahera barat,2024,32.58,35.417197005052934
Kab. Halmahera Barat,kab. halmahera barat,2025,29.16,36.01454275132802
Kab. Halmahera Selatan,kab. halmahera selatan,2024,29.72,34.97093101120104
Kab. Halmahera Selatan,kab. halmahera selatan,2025,35.21,35.94292556910493
Kab. Halmahera Tengah,kab. halmahera tengah,2024,32.9,35.681120713055414
Kab. Halmahera Tengah,kab. halmahera tengah,2025,36.86,36.24921296528436
Kab. Halmahera Timur,kab. halmahera timur,2024,29.4,35.99531817765682
Kab. Halmahera Timur,kab. halmahera timur,2025,30.3,36.445220206315746
Kab. Halmahera Utara,kab. halmahera utara,2024,43.17,34.26595926109678
Kab. Halmahera Utara,kab. halmahera utara,2025,41.62,35.08546721977229
Kab. Hulu Sungai Selatan,kab. hulu sungai selatan,2024,47.11,38.8692639449132
Kab. Hulu Sungai Selatan,kab. hulu sungai selatan,2025,47.26,39.66250839227965
Kab. Hulu Sungai Tengah,kab. hulu sungai tengah,2024,47.53,40.07012275121215
Kab. Hulu Sungai Tengah,kab. hulu sungai tengah,2025,44.51,40.90120913201099
Kab. Hulu Sungai Utara,kab. hulu sungai utara,2024,52.29,39.53180375034535
Kab. Hulu Sungai Utara,kab. hulu sungai utara,2025,55.68,40.443558163020555
Kab. Humbang Hasundutan,kab. humbang hasundutan,2024,43.89,51.31114565759177
Kab. Humbang Hasundutan,kab. humbang hasundutan,2025,44.96,51.7897657699495
Kab. Indragiri Hilir,kab. indragiri hilir,2024,35.97,37.34143469611582
Kab. Indragiri Hilir,kab. indragiri hilir,2025,34.79,37.95664604117234
Kab. Indragiri Hulu,kab. indragiri hulu,2024,42.46,37.41250416833502
Kab. Indragiri Hulu,kab. indragiri hulu,2025,37.41,37.910038135468476
Kab. Indramayu,kab. indramayu,2024,65.74,57.57666886068793
Kab. Indramayu,kab. indramayu,2025,66.11,58.02914712519866
Kab. Jember,kab. jember,2024,51.91,61.029734463594735
Kab. Jember,kab. jember,2025,50.17,62.4175423317943
Jembrana,kab. jembrana,2024,63.17,60.047196193171224
Jembrana,kab. jembrana,2025,65.35,60.444139207502296
Kab. Jeneponto,kab. jeneponto,2024,47.75,48.02997681351542
Kab. Jeneponto,kab. jeneponto,2025,48.91,48.63496508432384
Kab. Jepara,kab. jepara,2024,51.9,51.6538141128608
Kab. Jepara,kab. jepara,2025,49.92,52.636916478442984
Kab. Jombang,kab. jombang,2024,61.82,55.64905676469385
Kab. Jombang,kab. jombang,2025,61.9,57.39041930665242
Kab. Kampar,kab. kampar,2024,41.01,37.40858624281683
Kab. Kampar,kab. kampar,2025,36.94,37.900836991428854
Kab. Kapuas,kab. kapuas,2024,30.67,30.23944119173363
Kab. Kapuas,kab. kapuas,2025,33.16,29.934136803316015
Kab. Kapuas Hulu,kab. kapuas hulu,2024,27.94,30.399045607063087
Kab. Kapuas Hulu,kab. kapuas hulu,2025,22.25,30.572394097699558
Kab. Karanganyar,kab. karanganyar,2024,60.83,53.570463602701544
Kab. Karanganyar,kab. karanganyar,2025,58.91,54.47752639698176
Karang Asem,kab. karangasem,2024,60.1,58.94686765795112
Karang Asem,kab. karangasem,2025,62.91,59.32949096742471
Kab. Karawang,kab. karawang,2024,56.89,58.88953186674705
Kab. Karawang,kab. karawang,2025,59.06,58.70771748468708
Kab. Karo,kab. karo,2024,54.56,49.28055280863059
Kab. Karo,kab. karo,2025,57.8,50.133089036014624
Kab. Katingan,kab. katingan,2024,33.26,27.876173627614357
Kab. Katingan,kab. katingan,2025,32.01,28.455087201277117
Kab. Kaur,kab. kaur,2024,43.0,46.62695789506645
Kab. Kayong Utara,kab. kayong utara,2024,34.25,29.259816038061878
Kab. Kayong Utara,kab. kayong utara,2025,34.33,29.27288168164918
Kab. Kebumen,kab. kebumen,2024,51.78,56.47451882507433
Kab. Kebumen,kab. kebumen,2025,54.65,57.051164879746906
Kab. Kediri,kab. kediri,2024,57.08,55.34649579569075
Kab. Kediri,kab. kediri,2025,57.99,56.38385303018113
Kab. Kendal,kab. kendal,2024,59.98,52.28852487859101
Kab. Kendal,kab. kendal,2025,54.33,52.994684125405655
Kab. Kepahiang,kab. kepahiang,2024,46.0,47.32023560505036
Kab. Kepulauan Anambas,kab. kepulauan anambas,2024,25.67,30.620189801484266
Kab. Kepulauan Anambas,kab. kepulauan anambas,2025,30.45,31.11155877730333
Kab. Kepulauan Mentawai,kab. kepulauan mentawai,2024,26.51,43.17217409599055
Kab. Kepulauan Mentawai,kab. kepulauan mentawai,2025,28.37,42.8528042064783
Kab. Kepulauan Meranti,kab. kepulauan meranti,2024,32.71,36.586065303196094
Kab. Kepulauan Meranti,kab. kepulauan meranti,2025,38.55,38.224103615553105
Kab. Kepulauan Selayar,kab. kepulauan selayar,2024,40.05,45.05181611167745
Kab. Kepulauan Selayar,kab. kepulauan selayar,2025,43.7,45.12038019395976
Kab. Kepulauan Sula,kab. kepulauan sula,2024,34.91,34.27536696295983
Kab. Kepulauan Sula,kab. kepulauan sula,2025,36.59,35.001665175657
Kab. Kepulauan Tanimbar,kab. kepulauan tanimbar,2024,15.54,32.08852566674929
Kab. Kepulauan Tanimbar,kab. kepulauan tanimbar,2025,16.13,32.28517322782215
Kab. Kerinci,kab. kerinci,2024,53.14,43.49504457523274
Kab. Kerinci,kab. kerinci,2025,55.82,44.01207862728661
Kab. Ketapang,kab. ketapang,2024,36.56,29.404424652554663
Kab. Ketapang,kab. ketapang,2025,36.53,28.760742431650506
Kab. Klaten,kab. klaten,2024,56.23,55.00212651303716
Kab. Klaten,kab. klaten,2025,53.22,56.04486915301333
Klungkung,kab. klungkung,2024,62.35,58.71885586289435
Klungkung,kab. klungkung,2025,61.89,59.12327736545354
Kab. Kolaka,kab. kolaka,2024,40.91,38.469109801590896
Kab. Kolaka,kab. kolaka,2025,44.91,39.140885472656606
Kab. Kolaka Timur,kab. kolaka timur,2024,42.05,37.66676602115974
Kab. Kolaka Timur,kab. kolaka timur,2025,46.02,38.64739696361047
Kab. Kolaka Utara,kab. kolaka utara,2024,43.6,38.600420595224584
Kab. Kolaka Utara,kab. kolaka utara,2025,42.72,38.68206191615082
Kab. Konawe,kab. konawe,2024,44.38,38.722432360488256
Kab. Konawe,kab. konawe,2025,46.14,39.473865729900865
Kab. Konawe Kepulauan,kab. konawe kepulauan,2024,38.0,34.96472053713286
Kab. Konawe Kepulauan,kab. konawe kepulauan,2025,41.53,35.44321035986111
Kab. Konawe Selatan,kab. konawe selatan,2024,38.78,37.26732635265684
Kab. Konawe Selatan,kab. konawe selatan,2025,39.94,37.975845231538464
Kab. Konawe Utara,kab. konawe utara,2024,34.18,34.65825289067156
Kab. Konawe Utara,kab. konawe utara,2025,40.95,35.19748425024884
Kab. Kotabaru,kab. kotabaru,2024,39.89,36.111993203378645
Kab. Kotabaru,kab. kotabaru,2025,40.06,37.18187192962961
Kab. Kotawaringin Barat,kab. kotawaringin barat,2024,33.04,26.62199547693929
Kab. Kotawaringin Barat,kab. kotawaringin barat,2025,38.06,27.60780986228293
Kab. Kotawaringin Timur,kab. kotawaringin timur,2024,32.46,27.015656373615734
Kab. Kotawaringin Timur,kab. kotawaringin timur,2025,33.51,27.479521499390057
Kab. Kuantan Singingi,kab. kuantan singingi,2024,47.05,38.32979050375276
Kab. Kuantan Singingi,kab. kuantan singingi,2025,40.08,38.792158545381426
Kab. Kubu Raya,kab. kubu raya,2024,27.11,29.6913282705949
Kab. Kubu Raya,kab. kubu raya,2025,30.11,29.772377363107445
Kab. Kudus,kab. kudus,2024,58.68,51.9381567584818
Kab. Kudus,kab. kudus,2025,55.01,52.80858014942318
Kab. Kulon Progo,kab. kulonprogo,2024,54.19,51.579893808204694
Kab. Kulon Progo,kab. kulonprogo,2025,56.42,51.396984384415724
Kab. Kuningan,kab. kuningan,2024,53.81,52.39458242548686
Kab. Kuningan,kab. kuningan,2025,51.73,53.4080545769483
Kab. Kupang,kab. kupang,2024,50.4,39.504162595507935
Kab. Kupang,kab. kupang,2025,53.19,39.91366819392403
Kab. Kutai Barat,kab. kutai barat,2024,30.01,34.27608569689496
Kab. Kutai Barat,kab. kutai barat,2025,30.61,34.45602621810376
Kab. Kutai Kartanegara,kab. kutai kartanegara,2024,40.93,34.66435384402767
Kab. Kutai Kartanegara,kab. kutai kartanegara,2025,42.18,35.41028407435328
Kab. Kutai Timur,kab. kutai timur,2024,36.78,32.99050187365543
Kab. Kutai Timur,kab. kutai timur,2025,36.12,33.61222647309358
Kab. Labuhan Batu,kab. labuhanbatu,2024,52.54,48.531953152503505
Kab. Labuhan Batu,kab. labuhanbatu,2025,49.97,49.4411627600561
Kab. Labuhanbatu Selatan,kab. labuhanbatu selatan,2024,41.29,46.5192540166642
Kab. Labuhanbatu Selatan,kab. labuhanbatu selatan,2025,44.27,46.93974038697712
Kab. Labuhanbatu Utara,kab. labuhanbatu utara,2024,45.36,47.563163165235125
Kab. Labuhanbatu Utara,kab. labuhanbatu utara,2025,47.14,48.34196828497413
Kab. Lahat,kab. lahat,2024,50.97,46.59267707656588
Kab. Lahat,kab. lahat,2025,53.65,47.12721420310497
Kab. Lamandau,kab. lamandau,2024,27.61,27.242742009901956
Kab. Lamandau,kab. lamandau,2025,29.76,28.17298434086007
Kab. Lamongan,kab. lamongan,2024,59.41,58.89845020057015
Kab. Lamongan,kab. lamongan,2025,57.68,60.60730509130777
Kab. Lampung Barat,kab. lampung barat,2024,47.03,48.9074176739383
Kab. Lampung Barat,kab. lampung barat,2025,51.36,49.244983012527285
Kab. Lampung Selatan,kab. lampung selatan,2024,54.91,49.061263687675506
Kab. Lampung Selatan,kab. lampung selatan,2025,60.63,50.730826764202035
Kab. Lampung Tengah,kab. lampung tengah,2024,57.01,52.37474417098386
Kab. Lampung Tengah,kab. lampung tengah,2025,56.98,53.72299106281376
Kab. Lampung Timur,kab. lampung timur,2024,51.72,51.5647059030822
Kab. Lampung Timur,kab. lampung timur,2025,53.68,52.375131142683344
Kab. Lampung Utara,kab. lampung utara,2024,41.86,47.95124289863773
Kab. Lampung Utara,kab. lampung utara,2025,45.28,48.67077983608148
Kab. Landak,kab. landak,2024,31.09,31.100959740307168
Kab. Landak,kab. landak,2025,27.89,32.22019271454933
Kab. Langkat,kab. langkat,2024,48.58,48.1290246679295
Kab. Langkat,kab. langkat,2025,49.43,49.36536322683487
Kab. Lebak,kab. lebak,2024,48.23,52.221946899802276
Kab. Lebak,kab. lebak,2025,47.62,53.14770364367342
Kab. Lebong,kab. lebong,2024,62.0,47.22790234735353
Kab. Lembata,kab. lembata,2024,29.34,37.8294510515078
Kab. Lembata,kab. lembata,2025,39.16,38.19774214912498
Kab. Lima Puluh Kota,kab. lima puluh kota,2024,43.58,48.722396462572036
Kab. Lima Puluh Kota,kab. lima puluh kota,2025,46.04,48.70249253752989
Kab. Lingga,kab. lingga,2024,27.77,31.152962638354776
Kab. Lingga,kab. lingga,2025,28.4,32.47615416879563
Kab. Lombok Barat,kab. lombok barat,2024,49.42,51.07151233795159
Kab. Lombok Barat,kab. lombok barat,2025,54.29,51.430229685888314
Kab. Lombok Tengah,kab. lombok tengah,2024,50.51,53.66079054747004
Kab. Lombok Tengah,kab. lombok tengah,2025,53.8,54.44578642808529
Kab. Lombok Timur,kab. lombok timur,2024,53.66,52.341999583848285
Kab. Lombok Timur,kab. lombok timur,2025,53.34,52.54492218896902
Kab. Lombok Utara,kab. lombok utara,2024,60.78,50.0120159476107
Kab. Lombok Utara,kab. lombok utara,2025,60.75,50.307811926184684
Kab. Lumajang,kab. lumajang,2024,54.07,55.7227501698581
Kab. Lumajang,kab. lumajang,2025,55.92,56.69670092998173
Kab. Luwu,kab. luwu,2024,53.59,52.6696249058797
Kab. Luwu,kab. luwu,2025,55.15,52.292428142646216
Kab. Luwu Timur,kab. luwu timur,2024,58.02,50.58811106333762
Kab. Luwu Timur,kab. luwu timur,2025,62.79,50.57355525463113
Kab. Luwu Utara,kab. luwu utara,2024,54.19,51.25671406480666
Kab. Luwu Utara,kab. luwu utara,2025,54.5,50.37466331342023
Kab. Madiun,kab. madiun,2024,59.58,57.354965132351296
Kab. Madiun,kab. madiun,2025,57.98,58.71946349065626
Kab. Magelang,kab. magelang,2024,50.7,55.19935405567576
Kab. Magelang,kab. magelang,2025,50.36,55.749178908796274
Kab. Magetan,kab. magetan,2024,62.72,55.662439222721176
Kab. Magetan,kab. magetan,2025,61.14,56.89162266268373
Kab. Mahakam Ulu,kab. mahakam ulu,2024,24.07,34.7746892212119
Kab. Mahakam Ulu,kab. mahakam ulu,2025,36.36,34.84052666201913
Kab. Majalengka,kab. majalengka,2024,55.5,56.575456031501034
Kab. Majalengka,kab. majalengka,2025,55.18,56.87725159889048
Majene,kab. majene,2024,52.67,43.736557524402095
Majene,kab. majene,2025,51.44,43.909261270929406
Kab. Malaka,kab. malaka,2024,38.25,39.769420812884704
Kab. Malaka,kab. malaka,2025,48.99,40.023520718996544
Kab. Malang,kab. malang,2024,62.11,56.54383407955838
Kab. Malang,kab. malang,2025,64.53,57.075703258356405
Kab. Malinau,kab. malinau,2024,37.51,31.092758388557115
Kab. Malinau,kab. malinau,2025,41.47,31.360807184795597
Kab. Maluku Tengah,kab. maluku tengah,2024,40.8,33.66885088793998
Kab. Maluku Tengah,kab. maluku tengah,2025,47.08,34.7503090817508
Mamasa,kab. mamasa,2024,39.99,49.54414552021574
Mamasa,kab. mamasa,2025,41.43,50.05378055605503
Mamuju,kab. mamuju,2024,49.2,44.43234244866123
Mamuju,kab. mamuju,2025,51.58,44.63662953570086
Mamuju Tengah,kab. mamuju tengah,2024,47.09,48.37034734483777
Mamuju Tengah,kab. mamuju tengah,2025,49.65,48.28913575083067
Kab. Mandailing Natal,kab. mandailing natal,2024,42.24,50.52634460824509
Kab. Mandailing Natal,kab. mandailing natal,2025,40.93,52.650604856351045
Kab. Manggarai,kab. manggarai,2024,46.23,42.08045117896106
Kab. Manggarai,kab. manggarai,2025,50.83,42.49115502246626
Kab. Manggarai Barat,kab. manggarai barat,2024,44.75,40.552767230370094
Kab. Manggarai Barat,kab. manggarai barat,2025,50.11,41.07915662229516
Kab. Manggarai Timur,kab. manggarai timur,2024,46.0,41.930521992305046
Kab. Manggarai Timur,kab. manggarai timur,2025,43.48,42.51686828538638
Kab. Maros,kab. maros,2024,48.04,48.27446029219376
Kab. Maros,kab. maros,2025,47.34,48.33911158454891
Kab. Melawi,kab. melawi,2024,27.11,29.6493554551546
Kab. Melawi,kab. melawi,2025,21.75,30.084538033334486
Kab. Mempawah,kab. mempawah,2024,35.2,27.365516728518088
Kab. Mempawah,kab. mempawah,2025,33.77,27.33450093626734
Kab. Merangin,kab. merangin,2024,38.36,42.079928364270444
Kab. Merangin,kab. merangin,2025,39.8,42.75615300546204
Kab. Mesuji,kab. mesuji,2024,48.16,49.966467489736246
Kab. Mesuji,kab. mesuji,2025,54.44,50.15810356754736
Kab. Minahasa,kab. minahasa,2024,48.02,40.861268126801804
Kab. Minahasa,kab. minahasa,2025,47.73,41.774796197582695
Kab. Minahasa Selatan,kab. minahasa selatan,2024,41.31,41.262130442483894
Kab. Minahasa Selatan,kab. minahasa selatan,2025,40.2,42.13489971834437
Kab. Minahasa Tenggara,kab. minahasa tenggara,2024,43.61,40.63663098500825
Kab. Minahasa Tenggara,kab. minahasa tenggara,2025,46.83,41.408429880813515
Kab. Minahasa Utara,kab. minahasa utara,2024,38.58,40.5472635116723
Kab. Minahasa Utara,kab. minahasa utara,2025,37.5,41.455466794256814
Kab. Mojokerto,kab. mojokerto,2024,60.41,55.193807955792
Kab. Mojokerto,kab. mojokerto,2025,60.37,56.28531288843229
Kab. Morowali,kab. morowali,2024,40.15,44.46858347784354
Kab. Morowali,kab. morowali,2025,43.59,44.312503728966306
Kab. Morowali Utara,kab. morowali utara,2024,41.61,44.68362935932299
Kab. Morowali Utara,kab. morowali utara,2025,46.87,45.02644562179026
Kab. Muara Enim,kab. muara enim,2024,51.11,45.88744290188565
Kab. Muara Enim,kab. muara enim,2025,53.87,46.410471453545426
Kab. Muaro Jambi,kab. muaro jambi,2024,33.73,41.88826758266078
Kab. Muaro Jambi,kab. muaro jambi,2025,37.18,42.48172769965407
Kab. Mukomuko,kab. mukomuko,2024,58.0,45.7113661039447
Kab. Muna,kab. muna,2024,31.34,36.09308339876025
Kab. Muna,kab. muna,2025,35.02,36.549774136692704
Kab. Muna Barat,kab. muna barat,2024,38.64,35.81569608489921
Kab. Muna Barat,kab. muna barat,2025,40.38,36.256975835202084
Kab. Murung Raya,kab. murung raya,2024,16.94,28.57503213887349
Kab. Murung Raya,kab. murung raya,2025,12.54,28.488296980671937
Kab. Musi Banyuasin,kab. musi banyuasin,2024,49.64,46.29363999529234
Kab. Musi Banyuasin,kab. musi banyuasin,2025,53.74,47.08639612231985
Kab. Musi Rawas,kab. musi rawas,2024,58.33,46.13078895705885
Kab. Musi Rawas,kab. musi rawas,2025,60.76,46.53465491184508
Kab. Musi Rawas Utara,kab. musi rawas utara,2024,39.19,44.98903665306806
Kab. Musi Rawas Utara,kab. musi rawas utara,2025,44.66,45.16951213829632
Kab. Nagan Raya,kab. nagan raya,2024,38.66,50.6005026572448
Kab. Nagan Raya,kab. nagan raya,2025,45.19,50.57345293236305
Kab. Nagekeo,kab. nagekeo,2024,50.72,39.01000248796584
Kab. Nagekeo,kab. nagekeo,2025,49.74,39.232524276052544
Kab. Natuna,kab. natuna,2024,26.8,30.621781131938267
Kab. Natuna,kab. natuna,2025,33.09,31.254273401960752
Kab. Ngada,kab. ngada,2024,49.25,39.097350329327995
Kab. Ngada,kab. ngada,2025,49.98,39.20094658474714
Kab. Nganjuk,kab. nganjuk,2024,58.11,56.97627218168934
Kab. Nganjuk,kab. nganjuk,2025,56.53,58.41111166138515
Kab. Ngawi,kab. ngawi,2024,62.21,60.15498947031794
Kab. Ngawi,kab. ngawi,2025,59.88,61.32388996980379
Kab. Nias,kab. nias,2024,45.32,45.008322418366106
Kab. Nias,kab. nias,2025,44.46,45.335007483309894
Kab. Nias Barat,kab. nias barat,2024,44.59,44.636680622181416
Kab. Nias Barat,kab. nias barat,2025,38.96,45.04601521913099
Kab. Nias Selatan,kab. nias selatan,2024,35.33,45.21321187776604
Kab. Nias Selatan,kab. nias selatan,2025,35.95,45.36190122237613
Kab. Nias Utara,kab. nias utara,2024,35.53,44.981384379690354
Kab. Nias Utara,kab. nias utara,2025,36.28,45.12627808281135
Kab. Nunukan,kab. nunukan,2024,36.31,31.21942182809625
Kab. Nunukan,kab. nunukan,2025,36.57,31.54404010203735
Kab. Ogan Ilir,kab. ogan ilir,2024,49.77,46.00721006274658
Kab. Ogan Ilir,kab. ogan ilir,2025,48.64,46.63935360788972
Kab. Ogan Komering Ilir,kab. ogan komering ilir,2024,59.17,49.81657805374276
Kab. Ogan Komering Ilir,kab. ogan komering ilir,2025,62.49,50.78873009714651
Kab. Ogan Komering Ulu,kab. ogan komering ulu,2024,46.94,44.80314334558389
Kab. Ogan Komering Ulu,kab. ogan komering ulu,2025,47.14,45.32173698173287
Kab. OKU Selatan,kab. oku selatan,2024,62.3,46.837148133054434
Kab. OKU Selatan,kab. oku selatan,2025,55.82,47.563284842705684
Kab. OKU Timur,kab. oku timur,2024,65.65,50.93420924515695
Kab. OKU Timur,kab. oku timur,2025,66.83,52.80435288022032
Kab. Pacitan,kab. pacitan,2024,47.7,54.50087677903884
Kab. Pacitan,kab. pacitan,2025,49.49,55.92635382229603
Kab. Padang Lawas,kab. padang lawas,2024,39.92,50.113037326821285
Kab. Padang Lawas,kab. padang lawas,2025,43.6,51.04773683672255
Kab. Padang Lawas Utara,kab. padang lawas utara,2024,39.57,48.56040449933191
Kab. Padang Lawas Utara,kab. padang lawas utara,2025,43.34,49.51538488700132
Kab. Padang Pariaman,kab. padang pariaman,2024,44.52,46.49065343992929
Kab. Padang Pariaman,kab. padang pariaman,2025,47.62,46.81274309187309
Kab. Pakpak Bharat,kab. pakpak bharat,2024,41.34,48.86879522687767
Kab. Pakpak Bharat,kab. pakpak bharat,2025,37.59,49.49757859746431
Kab. Pamekasan,kab. pamekasan,2024,51.69,52.73089788510448
Kab. Pamekasan,kab. pamekasan,2025,54.44,53.281054699653815
Kab. Pandeglang,kab. pandeglang,2024,53.52,51.28220773444126
Kab. Pandeglang,kab. pandeglang,2025,52.42,52.85162257738626
Kab. Pangandaran,kab. pangandaran,2024,48.98,51.7659199261551
Kab. Pangandaran,kab. pangandaran,2025,52.82,52.28605130973361
Kab. Pangkajene Dan Kepulauan,kab. pangkajene kepulauan,2024,41.41,47.52386871983655
Kab. Pangkajene Dan Kepulauan,kab. pangkajene kepulauan,2025,45.42,47.68381810122734
Kab. Parigi Moutong,kab. parigi moutong,2024,47.42,43.41199531377765
Kab. Parigi Moutong,kab. parigi moutong,2025,50.77,44.27796818187119
Kab. Pasaman,kab. pasaman,2024,44.04,49.1765630924596
Kab. Pasaman,kab. pasaman,2025,46.85,49.32148564694778
Kab. Pasaman Barat,kab. pasaman barat,2024,46.47,44.538557131615136
Kab. Pasaman Barat,kab. pasaman barat,2025,44.22,45.06027307176082
Pasangkayu,kab. pasangkayu,2024,52.72,45.171327306128816
Pasangkayu,kab. pasangkayu,2025,48.93,45.65519129543159
Kab. Paser,kab. paser,2024,46.63,33.899847534415834
Kab. Paser,kab. paser,2025,46.34,34.642186051448746
Kab. Pasuruan,kab. pasuruan,2024,54.29,54.11751312569909
Kab. Pasuruan,kab. pasuruan,2025,54.01,54.65435620691843
Kab. Pati,kab. pati,2024,54.63,55.01160809649016
Kab. Pati,kab. pati,2025,55.07,56.27437734156854
Kab. Pekalongan,kab. pekalongan,2024,55.02,52.74455523535267
Kab. Pekalongan,kab. pekalongan,2025,49.95,53.22300211129061
Kab. Pelalawan,kab. pelalawan,2024,39.74,37.7569203930547
Kab. Pelalawan,kab. pelalawan,2025,36.1,38.37956265352106
Kab. Pemalang,kab. pemalang,2024,57.07,55.49757131390514
Kab. Pemalang,kab. pemalang,2025,53.05,56.045120989869844
Kab. Penajam Paser Utara,kab. penajam paser utara,2024,36.37,34.00658633378889
Kab. Penajam Paser Utara,kab. penajam paser utara,2025,35.06,34.584162043675065
Kab. Penukal Abab Lematang Ilir,kab. penukal abab lematang ilir,2024,43.07,45.52806847488576
Kab. Penukal Abab Lematang Ilir,kab. penukal abab lematang ilir,2025,49.43,45.837843854962635
Kab. Pesawaran,kab. pesawaran,2024,52.91,48.11159969487896
Kab. Pesawaran,kab. pesawaran,2025,51.85,49.04562718159063
Kab. Pesisir Barat,kab. pesisir barat,2024,46.54,47.52318839273158
Kab. Pesisir Barat,kab. pesisir barat,2025,53.02,47.58322780268301
Kab. Pesisir Selatan,kab. pesisir selatan,2024,48.78,47.001390095934624
Kab. Pesisir Selatan,kab. pesisir selatan,2025,51.88,46.361269976306176
Kab. Pidie,kab. pidie,2024,62.62,54.60390953172182
Kab. Pidie,kab. pidie,2025,61.99,55.92466729997837
Kab. Pidie Jaya,kab. pidie jaya,2024,67.7,53.30409281336319
Kab. Pidie Jaya,kab. pidie jaya,2025,71.86,54.24073052238331
Kab. Pinrang,kab. pinrang,2024,61.07,50.16189447037242
Kab. Pinrang,kab. pinrang,2025,61.59,50.50901969218735
Kab. Pohuwato,kab. pohuwato,2024,45.33,48.6032966543079
Kab. Pohuwato,kab. pohuwato,2025,40.13,49.31597293766791
Polewali Mandar,kab. polewali mandar,2024,55.21,47.266579715748975
Polewali Mandar,kab. polewali mandar,2025,57.85,47.6595312752892
Kab. Ponorogo,kab. ponorogo,2024,59.82,57.25223820304182
Kab. Ponorogo,kab. ponorogo,2025,58.8,58.60064594345676
Kab. Poso,kab. poso,2024,36.85,46.47335260720392
Kab. Poso,kab. poso,2025,41.59,46.81937718499104
Kab. Pringsewu,kab. pringsewu,2024,63.53,48.15337754436335
Kab. Pringsewu,kab. pringsewu,2025,62.21,48.73740635895612
Kab. Probolinggo,kab. probolinggo,2024,53.53,54.91210967027226
Kab. Probolinggo,kab. probolinggo,2025,53.08,55.95767017596637
Kab. Pulang Pisau,kab. pulang pisau,2024,38.7,27.960577844197292
Kab. Pulang Pisau,kab. pulang pisau,2025,40.87,28.62806208292733
Kab. Pulau Morotai,kab. pulau morotai,2024,40.13,34.56335213842641
Kab. Pulau Morotai,kab. pulau morotai,2025,38.04,35.322248383917646
Kab. Purbalingga,kab. purbalingga,2024,54.7,53.822559462201994
Kab. Purbalingga,kab. purbalingga,2025,52.81,54.313660987240894
Kab. Purwakarta,kab. purwakarta,2024,58.9,51.330678117307166
Kab. Purwakarta,kab. purwakarta,2025,56.42,51.30843426772357
Kab. Purworejo,kab. purworejo,2024,53.87,56.43652176225916
Kab. Purworejo,kab. purworejo,2025,55.64,57.05435255692992
Kab. Rejang Lebong,kab. rejang lebong,2024,47.0,47.44068194188667
Kab. Rembang,kab. rembang,2024,48.98,51.14807136251339
Kab. Rembang,kab. rembang,2025,49.92,52.07364217819844
Kab. Rokan Hilir,kab. rokan hilir,2024,44.35,36.96798376899713
Kab. Rokan Hilir,kab. rokan hilir,2025,43.85,37.58827741715765
Kab. Rokan Hulu,kab. rokan hulu,2024,43.78,37.68349162804649
Kab. Rokan Hulu,kab. rokan hulu,2025,36.37,38.24026060322393
Kab. Rote Ndao,kab. rote ndao,2024,38.89,38.45846585802332
Kab. Rote Ndao,kab. rote ndao,2025,42.84,38.66026836910369
Kab. Sabu Raijua,kab. sabu raijua,2024,38.54,38.657288621427824
Kab. Sabu Raijua,kab. sabu raijua,2025,52.96,38.180963422747155
Kab. Sambas,kab. sambas,2024,30.45,32.15560628139508
Kab. Sambas,kab. sambas,2025,30.03,33.502146363066714
Kab. Samosir,kab. samosir,2024,59.97,50.7403219346248
Kab. Samosir,kab. samosir,2025,60.59,51.12285620732629
Kab. Sampang,kab. sampang,2024,44.13,53.336910389142076
Kab. Sampang,kab. sampang,2025,44.86,54.2262792832138
Kab. Sanggau,kab. sanggau,2024,25.64,30.607281494897467
Kab. Sanggau,kab. sanggau,2025,22.76,31.47526070406316
Kab. Kepulauan Sangihe,kab. sangihe,2024,43.03,39.846910301288936
Kab. Kepulauan Sangihe,kab. sangihe,2025,37.4,40.1338464385695
Kab. Sarolangun,kab. sarolangun,2024,41.16,41.96280783499339
Kab. Sarolangun,kab. sarolangun,2025,39.84,42.30842645373902
Kab. Sekadau,kab. sekadau,2024,31.8,29.825747349165685
Kab. Sekadau,kab. sekadau,2025,27.04,30.196297843472276
Kab. Seluma,kab. seluma,2024,44.0,46.27387654778896
Kab. Semarang,kab. semarang,2024,59.64,51.69850520085494
Kab. Semarang,kab. semarang,2025,55.91,52.624752875038155
Kab. Seram Bagian Barat,kab. seram bagian barat,2024,32.29,33.52108900248196
Kab. Seram Bagian Barat,kab. seram bagian barat,2025,42.14,34.256033197417025
Kab. Seram Bagian Timur,kab. seram bagian timur,2024,32.99,32.20613189237622
Kab. Seram Bagian Timur,kab. seram bagian timur,2025,34.71,32.579115075262436
Kab. Serang,kab. serang,2024,53.84,50.794865034924726
Kab. Serang,kab. serang,2025,52.8,51.35750454694258
Kab. Serdang Bedagai,kab. serdang bedagai,2024,65.17,49.13987128146975
Kab. Serdang Bedagai,kab. serdang bedagai,2025,64.59,49.99677157467491
Kab. Seruyan,kab. seruyan,2024,30.08,26.767840991444704
Kab. Seruyan,kab. seruyan,2025,27.6,27.87475413128253
Kab. Siak,kab. siak,2024,44.15,37.75644393682534
Kab. Siak,kab. siak,2025,43.1,38.69991534461486
Kab. Sidenreng Rappang,kab. sidenreng rappang,2024,51.75,50.36617144056406
Kab. Sidenreng Rappang,kab. sidenreng rappang,2025,60.04,51.11206624974495
Kab. Sidoarjo,kab. sidoarjo,2024,65.1,54.33692756616284
Kab. Sidoarjo,kab. sidoarjo,2025,60.57,55.00263834535374
Kab. Sigi,kab. sigi,2024,47.09,45.23628980073271
Kab. Sigi,kab. sigi,2025,43.44,45.760281996947896
Kab. Sijunjung,kab. sijunjung,2024,38.56,46.70309079195475
Kab. Sijunjung,kab. sijunjung,2025,40.82,47.152677763027555
Kab. Sikka,kab. sikka,2024,37.08,37.83374874559807
Kab. Sikka,kab. sikka,2025,41.75,38.240690297868966
Kab. Simalungun,kab. simalungun,2024,57.42,48.466807849103134
Kab. Simalungun,kab. simalungun,2025,59.04,48.94033850244956
Kab. Simeulue,kab. simeulue,2024,34.22,48.450316483742995
Kab. Simeulue,kab. simeulue,2025,33.07,48.49296870780232
Kab. Sinjai,kab. sinjai,2024,46.8,48.55987220981073
Kab. Sinjai,kab. sinjai,2025,49.1,49.0534250190136
Kab. Sintang,kab. sintang,2024,28.29,29.785710783801846
Kab. Sintang,kab. sintang,2025,22.12,30.092598960774716
Kab. Situbondo,kab. situbondo,2024,54.2,52.929289601811334
Kab. Situbondo,kab. situbondo,2025,53.47,53.725424970290376
Kab. Sleman,kab. sleman,2024,49.43,51.482206260793944
Kab. Sleman,kab. sleman,2025,50.53,52.13944280644031
Kab. Solok,kab. solok,2024,47.28,48.671905396966096
Kab. Solok,kab. solok,2025,53.42,49.13444014861837
Kab. Solok Selatan,kab. solok selatan,2024,38.31,47.3583118742781
Kab. Solok Selatan,kab. solok selatan,2025,42.74,47.93645178001222
Kab. Soppeng,kab. soppeng,2024,53.36,49.10760130966892
Kab. Soppeng,kab. soppeng,2025,52.65,49.64784411460528
Kab. Sragen,kab. sragen,2024,65.56,57.46258096674642
Kab. Sragen,kab. sragen,2025,65.8,57.91492726177822
Kab. Subang,kab. subang,2024,59.12,58.84461626613286
Kab. Subang,kab. subang,2025,59.4,58.70771748468708
Kab. Sukabumi,kab. sukabumi,2024,57.2,54.38778361806328
Kab. Sukabumi,kab. sukabumi,2025,53.89,56.35867983951378
Kab. Sukamara,kab. sukamara,2024,28.55,27.262445925389184
Kab. Sukamara,kab. sukamara,2025,38.03,28.16903712944689
Kab. Sukoharjo,kab. sukoharjo,2024,75.32,54.33793094020419
Kab. Sukoharjo,kab. sukoharjo,2025,66.81,55.010868928964825
Kab. Sumba Barat,kab. sumba barat,2024,36.82,38.23592920907753
Kab. Sumba Barat,kab. sumba barat,2025,44.3,38.56887926730191
Kab. Sumba Barat Daya,kab. sumba barat daya,2024,30.21,38.625154140445886
Kab. Sumba Barat Daya,kab. sumba barat daya,2025,32.01,38.874788151823
Kab. Sumba Tengah,kab. sumba tengah,2024,42.71,38.16592597855222
Kab. Sumba Tengah,kab. sumba tengah,2025,44.93,38.493543918044736
Kab. Sumba Timur,kab. sumba timur,2024,36.57,39.11378180000248
Kab. Sumba Timur,kab. sumba timur,2025,41.13,40.019786552152624
Kab. Sumbawa,kab. sumbawa,2024,55.32,53.031574706189424
Kab. Sumbawa,kab. sumbawa,2025,54.03,54.42566236158946
Kab. Sumbawa Barat,kab. sumbawa barat,2024,48.99,50.71231521188966
Kab. Sumbawa Barat,kab. sumbawa barat,2025,52.7,50.942302690171516
Kab. Sumedang,kab. sumedang,2024,55.0,54.44454323623881
Kab. Sumedang,kab. sumedang,2025,53.45,54.908269768529706
Kab. Sumenep,kab. sumenep,2024,51.55,53.69649011592594
Kab. Sumenep,kab. sumenep,2025,52.96,53.937419568930395
Kab. Tabalong,kab. tabalong,2024,47.29,39.40172339822415
Kab. Tabalong,kab. tabalong,2025,47.68,40.183718874564676
Tabanan,kab. tabanan,2024,60.66,61.697511845307716
Tabanan,kab. tabanan,2025,58.84,61.85370451002655
Kab. Takalar,kab. takalar,2024,41.89,47.95472977793282
Kab. Takalar,kab. takalar,2025,42.93,48.179340045338144
Kab. Kepulauan Talaud,kab. talaud,2024,44.48,40.14044653244308
Kab. Kepulauan Talaud,kab. talaud,2025,42.94,40.286499844818664
Kab. Tana Tidung,kab. tana tidung,2024,32.42,31.01259447196694
Kab. Tana Tidung,kab. tana tidung,2025,33.88,31.269626601151245
Kab. Tana Toraja,kab. tana toraja,2024,45.28,50.44405741704219
Kab. Tana Toraja,kab. tana toraja,2025,45.81,50.290628068821604
Kab. Tanah Bumbu,kab. tanah bumbu,2024,40.26,37.66628667136692
Kab. Tanah Bumbu,kab. tanah bumbu,2025,42.5,39.1245701264111
Kab. Tanah Datar,kab. tanah datar,2024,47.87,48.833518922163094
Kab. Tanah Datar,kab. tanah datar,2025,51.52,48.884032684844655
Kab. Tanah Laut,kab. tanah laut,2024,42.73,38.43891126159042
Kab. Tanah Laut,kab. tanah laut,2025,40.92,39.730350730574706
Kab. Tangerang,kab. tangerang,2024,51.17,51.33946320528523
Kab. Tangerang,kab. tangerang,2025,52.8,51.42666307879451
Kab. Tanggamus,kab. tanggamus,2024,56.39,48.53273309123485
Kab. Tanggamus,kab. tanggamus,2025,57.15,49.03227802691269
Kab. Tanjung Jabung Barat,kab. tanjung jabung barat,2024,46.81,41.34144684694161
Kab. Tanjung Jabung Barat,kab. tanjung jabung barat,2025,46.31,41.91433366304456
Kab. Tanjung Jabung Timur,kab. tanjung jabung timur,2024,38.88,40.67877649571205
Kab. Tanjung Jabung Timur,kab. tanjung jabung timur,2025,42.54,41.26633241783313
Kab. Tapanuli Selatan,kab. tapanuli selatan,2024,49.19,50.59854433064184
Kab. Tapanuli Selatan,kab. tapanuli selatan,2025,48.72,51.68583175602957
Tapanuli Tengah,kab. tapanuli tengah,2024,39.5,49.97040728933294
Tapanuli Tengah,kab. tapanuli tengah,2025,37.36,50.759836737302436
Kab. Tapanuli Utara,kab. tapanuli utara,2024,51.29,50.64992424520982
Kab. Tapanuli Utara,kab. tapanuli utara,2025,51.78,51.30737134904433
Kab. Tapin,kab. tapin,2024,41.46,38.582563818212144
Kab. Tapin,kab. tapin,2025,42.43,39.62315574633976
Kab. Tasikmalaya,kab. tasikmalaya,2024,53.29,56.158483935233576
Kab. Tasikmalaya,kab. tasikmalaya,2025,53.82,57.364964291921915
Kab. Tebo,kab. tebo,2024,46.24,41.81621910445193
Kab. Tebo,kab. tebo,2025,42.06,42.32302773063823
Kab. Tegal,kab. tegal,2024,53.39,54.63704031760614
Kab. Tegal,kab. tegal,2025,49.51,55.595984719784965
Kab. Temanggung,kab. temanggung,2024,64.76,53.95362597531188
Kab. Temanggung,kab. temanggung,2025,58.64,54.43639278150865
Kab. Timor Tengah Selatan,kab. timor tengah selatan,2024,44.39,40.270534752997705
Kab. Timor Tengah Selatan,kab. timor tengah selatan,2025,44.17,40.9189356963151
Kab. Timor Tengah Utara,kab. timor tengah utara,2024,37.58,41.89882858108183
Kab. Timor Tengah Utara,kab. timor tengah utara,2025,49.55,42.17784238948573
Kab. Toba Samosir,kab. toba,2024,60.14,49.56776706551171
Kab. Toba Samosir,kab. toba,2025,60.47,50.331262008332374
Kab. Tojo Una-Una,kab. tojo una-una,2024,44.08,43.785677910634305
Kab. Tojo Una-Una,kab. tojo una-una,2025,44.87,44.207685554424955
Kab. Toli-Toli,kab. toli-toli,2024,46.98,43.08976596383343
Kab. Toli-Toli,kab. toli-toli,2025,47.17,43.66814894006893
Kab. Toraja Utara,kab. toraja utara,2024,50.12,50.6330888077318
Kab. Toraja Utara,kab. toraja utara,2025,46.16,50.51764911381365
Kab. Trenggalek,kab. trenggalek,2024,57.49,54.655332874482966
Kab. Trenggalek,kab. trenggalek,2025,56.55,56.03114149604668
Kab. Tuban,kab. tuban,2024,62.11,56.617450533422286
Kab. Tuban,kab. tuban,2025,59.59,58.31923097883107
Kab. Tulangbawang,kab. tulangbawang,2024,49.79,51.03497028874732
Kab. Tulangbawang,kab. tulangbawang,2025,50.74,51.49017464202507
Kab. Tulang Bawang Barat,kab. tulangbawang barat,2024,40.56,46.97018618976809
Kab. Tulang Bawang Barat,kab. tulangbawang barat,2025,46.38,47.61932499935865
Kab. Tulungagung,kab. tulungagung,2024,62.87,55.55352252321303
Kab. Tulungagung,kab. tulungagung,2025,61.15,56.67391668031504
Kab. Wajo,kab. wajo,2024,47.66,52.43946284361677
Kab. Wajo,kab. wajo,2025,50.85,54.45219654757388
Kab. Way Kanan,kab. way kanan,2024,47.89,49.06049104485177
Kab. Way Kanan,kab. way kanan,2025,46.34,49.604609429103434
Kab. Wonogiri,kab. wonogiri,2024,52.76,54.624885318239215
Kab. Wonogiri,kab. wonogiri,2025,52.29,55.78722404133218
Kab. Wonosobo,kab. wonosobo,2024,49.84,54.184260974296365
Kab. Wonosobo,kab. wonosobo,2025,49.81,54.60347260175491
Kota Balikpapan,kota balikpapan,2024,25.34,37.18231637599266
Kota Balikpapan,kota balikpapan,2025,39.36,37.994465292066145
Kota Banda Aceh,kota banda aceh,2024,50.79,53.313455820388846
Kota Banda Aceh,kota banda aceh,2025,50.68,54.071722565701656
Kota Bandar Lampung,kota bandar lampung,2024,51.2,51.56845992530457
Kota Bandar Lampung,kota bandar lampung,2025,53.43,52.03229502459146
Kota Bandung,kota bandung,2024,69.59,57.59449659087244
Kota Bandung,kota bandung,2025,69.06,57.151371712528245
Kota Banjar,kota banjar,2024,60.46,55.33725379866155
Kota Banjar,kota banjar,2025,59.78,55.5304156692803
Kota Banjarbaru,kota banjarbaru,2024,31.17,41.743934110585414
Kota Banjarbaru,kota banjarbaru,2025,29.78,42.89723696895422
Kota Banjarmasin,kota banjarmasin,2024,42.57,40.85595428749689
Kota Banjarmasin,kota banjarmasin,2025,43.87,41.705563300374216
Kota Batu,kota batu,2024,72.72,58.92157576782086
Kota Batu,kota batu,2025,58.99,59.61424982849289
Kota Baubau,kota baubau,2024,48.22,39.338280107284476
Kota Baubau,kota baubau,2025,48.95,39.57742551883517
Kota Bekasi,kota bekasi,2024,42.86,52.46595079243381
Kota Bekasi,kota bekasi,2025,48.81,52.91843724063413
Kota Bengkulu,kota bengkulu,2024,49.0,50.416175115098554
Kota Bima,kota bima,2024,53.89,53.38507412425344
Kota Bima,kota bima,2025,52.87,53.758428141334115
Kota Binjai,kota binjai,2024,44.97,50.9815156850037
Kota Binjai,kota binjai,2025,47.53,51.647195576846954
Kota Bitung,kota bitung,2024,44.31,45.156556661274664
Kota Bitung,kota bitung,2025,42.84,46.07075406633376
Kota Blitar,kota blitar,2024,64.84,58.32163045082962
Kota Blitar,kota blitar,2025,72.5,59.16509671349342
Kota Bogor,kota bogor,2024,53.05,54.552255441025515
Kota Bogor,kota bogor,2025,57.23,54.6715996264279
Kota Bukittinggi,kota bukittinggi,2024,63.11,51.69314238250681
Kota Bukittinggi,kota bukittinggi,2025,63.48,52.0098459329207
Kota Cilegon,kota cilegon,2024,53.07,51.274465496058674
Kota Cilegon,kota cilegon,2025,50.57,51.630690098323285
Kota Cimahi,kota cimahi,2024,61.38,57.54544290297887
Kota Cimahi,kota cimahi,2025,59.33,57.09988879795354
Kota Cirebon,kota cirebon,2024,63.94,52.041259261911236
Kota Cirebon,kota cirebon,2025,54.05,52.48465819827098
Kota Denpasar,kota denpasar,2024,68.1,65.03803873318952
Kota Denpasar,kota denpasar,2025,69.19,65.09964775413852
Kota Depok,kota depok,2024,56.24,54.55098613061251
Kota Depok,kota depok,2025,53.69,54.66421270221181
Kota Dumai,kota dumai,2024,23.56,41.851470349330825
Kota Dumai,kota dumai,2025,32.74,42.148340700611236
Kota Gorontalo,kota gorontalo,2024,46.11,52.607120751592234
Kota Gorontalo,kota gorontalo,2025,50.83,53.713319890245494
Kota Gunungsitoli,kota gunungsitoli,2024,44.86,49.27348582289075
Kota Gunungsitoli,kota gunungsitoli,2025,49.94,49.60059351870347
Kota Jakarta Barat,kota jakarta barat,2024,51.65,56.685686076976204
Kota Jakarta Barat,kota jakarta barat,2025,54.8,57.145301752876065
Kota Jakarta Timur,kota jakarta timur,2024,56.05,56.685745849034745
Kota Jakarta Timur,kota jakarta timur,2025,54.81,57.14361009084185
Kota Jakarta Utara,kota jakarta utara,2024,45.33,56.70911559615012
Kota Jakarta Utara,kota jakarta utara,2025,54.2,57.15313978696794
Kota Jambi,kota jambi,2024,41.85,46.244371367263774
Kota Jambi,kota jambi,2025,46.12,46.891534423308016
Kota Kediri,kota kediri,2024,63.19,58.36415375938376
Kota Kediri,kota kediri,2025,59.02,59.15331146798837
Kota Kendari,kota kendari,2024,39.01,40.66793804627504
Kota Kendari,kota kendari,2025,40.73,41.21902280598911
Kota Kotamobagu,kota kotamobagu,2024,47.75,45.92390868161113
Kota Kotamobagu,kota kotamobagu,2025,44.33,46.61725940894735
Kota Kupang,kota kupang,2024,50.5,43.476895727155664
Kota Kupang,kota kupang,2025,63.0,43.589180817258416
Kota Langsa,kota langsa,2024,50.38,53.281283256859396
Kota Langsa,kota langsa,2025,49.93,54.26185864192176
Kota Lhokseumawe,kota lhokseumawe,2024,43.17,55.9815589938644
Kota Lhokseumawe,kota lhokseumawe,2025,51.76,57.20456040506531
Kota Lubuklinggau,kota lubuklinggau,2024,52.26,50.66444766923037
Kota Lubuklinggau,kota lubuklinggau,2025,54.48,50.779643991288
Kota Madiun,kota madiun,2024,57.58,58.00083172429305
Kota Madiun,kota madiun,2025,57.06,58.82895254585914
Kota Magelang,kota magelang,2024,50.23,58.179547344184286
Kota Magelang,kota magelang,2025,48.76,58.575138858546396
Kota Makassar,kota makassar,2024,56.97,50.80672064621108
Kota Makassar,kota makassar,2025,50.19,50.89333422286914
Kota Malang,kota malang,2024,65.16,58.98403531344826
Kota Malang,kota malang,2025,63.35,59.65868415125834
Kota Manado,kota manado,2024,42.24,45.15301319320032
Kota Manado,kota manado,2025,36.69,46.070077401520074
Kota Mataram,kota mataram,2024,66.14,54.46403358622979
Kota Mataram,kota mataram,2025,62.65,54.81331033224089
Kota Medan,kota medan,2024,60.29,50.971693895233024
Kota Medan,kota medan,2025,59.1,51.59700960316515
Kota Metro,kota metro,2024,57.05,52.09771615053414
Kota Metro,kota metro,2025,63.37,52.37994530848108
Kota Mojokerto,kota mojokerto,2024,60.4,57.22147484714403
Kota Mojokerto,kota mojokerto,2025,58.93,58.05911544163329
Kota Padang,kota padang,2024,48.61,51.92883203877889
Kota Padang,kota padang,2025,50.41,52.0184737282285
Kota Padang Panjang,kota padang panjang,2024,58.86,51.70204334424351
Kota Padang Panjang,kota padang panjang,2025,69.25,52.02748094574008
Kota Padangsidimpuan,kota padangsidimpuan,2024,53.16,54.33739221665
Kota Padangsidimpuan,kota padangsidimpuan,2025,57.13,54.77563459438322
Kota Pagar Alam,kota pagar alam,2024,50.77,52.144208739566665
Kota Pagar Alam,kota pagar alam,2025,54.0,52.14119006841666
Kota Palangka Raya,kota palangka raya,2024,31.9,32.06466114326097
Kota Palangka Raya,kota palangka raya,2025,37.5,32.69438476856983
Kota Palembang,kota palembang,2024,45.58,49.663283436845404
Kota Palembang,kota palembang,2025,53.0,50.33707590975325
Kota Palopo,kota palopo,2024,50.68,54.546848909204655
Kota Palopo,kota palopo,2025,56.83,54.170042356013724
Kota Palu,kota palu,2024,47.01,48.90654473846475
Kota Palu,kota palu,2025,44.55,49.187007523783286
Kota Parepare,kota parepare,2024,51.91,49.675069275189394
Kota Parepare,kota parepare,2025,49.89,49.772846896484666
Kota Pariaman,kota pariaman,2024,48.89,49.614157569328626
Kota Pariaman,kota pariaman,2025,43.84,49.936544389903105
Kota Pasuruan,kota pasuruan,2024,55.02,55.9880161557621
Kota Pasuruan,kota pasuruan,2025,55.12,56.529545704703565
Kota Payakumbuh,kota payakumbuh,2024,47.57,51.64568886009935
Kota Payakumbuh,kota payakumbuh,2025,48.84,51.973802545046865
Kota Pekalongan,kota pekalongan,2024,64.75,56.073364189403485
Kota Pekalongan,kota pekalongan,2025,63.14,56.804433821150326
Kota Pekanbaru,kota pekanbaru,2024,41.11,41.94789251462688
Kota Pekanbaru,kota pekanbaru,2025,26.32,42.48200005695156
Kota Pematang Siantar,kota pematangsiantar,2024,58.23,51.27380765077373
Kota Pematang Siantar,kota pematangsiantar,2025,60.53,51.911499443470056
Kota Pontianak,kota pontianak,2024,27.86,33.286357121431635
Kota Pontianak,kota pontianak,2025,33.01,33.631575432816575
Kota Prabumulih,kota prabumulih,2024,38.55,49.51586052634977
Kota Prabumulih,kota prabumulih,2025,44.79,49.90384874564361
Kota Probolinggo,kota probolinggo,2024,61.06,57.782115988294656
Kota Probolinggo,kota probolinggo,2025,63.2,58.626813055144474
Kota Sabang,kota sabang,2025,44.87,53.10223392414961
Kota Salatiga,kota salatiga,2024,66.44,56.64124964893328
Kota Salatiga,kota salatiga,2025,60.5,57.25985934757766
Kota Samarinda,kota samarinda,2024,42.44,37.982222046735835
Kota Samarinda,kota samarinda,2025,41.42,38.746562071092484
Kota Sawahlunto,kota sawahlunto,2024,54.55,51.77447354590059
Kota Sawahlunto,kota sawahlunto,2025,56.01,52.0850606102861
Kota Semarang,kota semarang,2024,55.04,55.043457476618265
Kota Semarang,kota semarang,2025,56.15,55.82851734576362
Kota Serang,kota serang,2024,53.49,51.7933016252774
Kota Serang,kota serang,2025,53.17,52.18431469338836
Kota Singkawang,kota singkawang,2024,36.39,31.491115986024266
Kota Singkawang,kota singkawang,2025,32.71,32.344332473331285
Kota Solok,kota solok,2024,56.78,51.47894467075082
Kota Solok,kota solok,2025,58.28,51.67156233932204
Kota Subulussalam,kota subulussalam,2024,43.78,56.60813904561591
Kota Subulussalam,kota subulussalam,2025,49.63,57.05184005714805
Kota Sukabumi,kota sukabumi,2024,58.58,56.15034997247492
Kota Sukabumi,kota sukabumi,2025,58.19,55.86291475845014
Kota Sungai Penuh,kota sungai penuh,2024,61.81,47.52825406071642
Kota Sungai Penuh,kota sungai penuh,2025,62.56,47.978444343037545
Kota Surabaya,kota surabaya,2024,55.54,57.26380305067689
Kota Surabaya,kota surabaya,2025,57.64,58.08900147090448
Kota Surakarta,kota surakarta,2024,57.59,56.60879567669416
Kota Surakarta,kota surakarta,2025,58.29,57.222530005355914
Kota Tangerang,kota tangerang,2024,62.17,51.07131487445765
Kota Tangerang,kota tangerang,2025,62.36,51.51405171046743
Kota Tanjung Balai,kota tanjungbalai,2024,48.48,49.92625203401931
Kota Tanjung Balai,kota tanjungbalai,2025,47.13,50.438830912873826
Kota Tarakan,kota tarakan,2024,32.0,32.98735108707302
Kota Tarakan,kota tarakan,2025,31.45,33.17081822227863
Kota Tasikmalaya,kota tasikmalaya,2024,54.19,57.449326563750205
Kota Tasikmalaya,kota tasikmalaya,2025,59.25,57.0117273920317
Kota Tebing Tinggi,kota tebing tinggi,2024,58.68,48.78113978365837
Kota Tebing Tinggi,kota tebing tinggi,2025,61.91,49.428721107913184
Kota Tegal,kota tegal,2024,60.84,56.02953604553362
Kota Tegal,kota tegal,2025,53.94,56.7517103544172
Kota Tidore Kepulauan,kota tidore kepulauan,2024,36.48,39.8372429855057
Kota Tidore Kepulauan,kota tidore kepulauan,2025,46.0,40.493552399093026
Kota Tomohon,kota tomohon,2024,59.38,45.18063690644441
Kota Tomohon,kota tomohon,2025,59.01,46.100527318135995
Kota Yogyakarta,kota yogyakarta,2024,51.0,54.519914933411194
Kota Yogyakarta,kota yogyakarta,2025,53.96,54.90162211363066
